{
  "by_model": {
    "mistral:7b": {
      "0.2": {
        "runs": [
          152,
          153,
          158
        ],
        "T_star": {
          "mean": 154.33333333333334,
          "std": 2.6246692913372702,
          "n": 3
        },
        "D_final": {
          "mean": 0.4353666666666666,
          "std": 0.0008498365855987982,
          "n": 3
        }
      },
      "0.4": {
        "runs": [
          158,
          159,
          154
        ],
        "T_star": {
          "mean": 157.0,
          "std": 2.160246899469287,
          "n": 3
        },
        "D_final": {
          "mean": 0.43393333333333334,
          "std": 0.001519502842672213,
          "n": 3
        }
      },
      "0.6": {
        "runs": [
          157,
          157,
          153
        ],
        "T_star": {
          "mean": 155.66666666666666,
          "std": 1.8856180831641267,
          "n": 3
        },
        "D_final": {
          "mean": 0.43453333333333327,
          "std": 0.0011785113019775802,
          "n": 3
        }
      },
      "0.8": {
        "runs": [
          150,
          152,
          154
        ],
        "T_star": {
          "mean": 152.0,
          "std": 1.632993161855452,
          "n": 3
        },
        "D_final": {
          "mean": 0.43599999999999994,
          "std": 0.001296148139681575,
          "n": 3
        }
      }
    },
    "llama3.2:3b": {
      "0.2": {
        "runs": [
          154,
          154,
          156
        ],
        "T_star": {
          "mean": 154.66666666666666,
          "std": 0.9428090415820634,
          "n": 3
        },
        "D_final": {
          "mean": 0.4275333333333333,
          "std": 0.0007586537784494135,
          "n": 3
        }
      },
      "0.4": {
        "runs": [
          155,
          153,
          157
        ],
        "T_star": {
          "mean": 155.0,
          "std": 1.632993161855452,
          "n": 3
        },
        "D_final": {
          "mean": 0.4284333333333333,
          "std": 0.0008219218670625297,
          "n": 3
        }
      },
      "0.6": {
        "runs": [
          156,
          154,
          157
        ],
        "T_star": {
          "mean": 155.66666666666666,
          "std": 1.247219128924647,
          "n": 3
        },
        "D_final": {
          "mean": 0.42890000000000006,
          "std": 0.0006683312551921097,
          "n": 3
        }
      },
      "0.8": {
        "runs": [
          157,
          159,
          153
        ],
        "T_star": {
          "mean": 156.33333333333334,
          "std": 2.494438257849294,
          "n": 3
        },
        "D_final": {
          "mean": 0.42923333333333336,
          "std": 0.0011085526098877348,
          "n": 3
        }
      }
    },
    "gemma4:latest": {
      "0.2": {
        "runs": [
          231,
          248,
          239
        ],
        "T_star": {
          "mean": 239.33333333333334,
          "std": 6.944222218666553,
          "n": 3
        },
        "D_final": {
          "mean": 0.3008,
          "std": 0.006678822251465212,
          "n": 3
        }
      },
      "0.4": {
        "runs": [
          262,
          258,
          245
        ],
        "T_star": {
          "mean": 255.0,
          "std": 7.2571803523590805,
          "n": 3
        },
        "D_final": {
          "mean": 0.2799,
          "std": 0.006642790578263523,
          "n": 3
        }
      },
      "0.6": {
        "runs": [
          244,
          253,
          251
        ],
        "T_star": {
          "mean": 249.33333333333334,
          "std": 3.858612300930075,
          "n": 3
        },
        "D_final": {
          "mean": 0.2676,
          "std": 0.003069201850644565,
          "n": 3
        }
      },
      "0.8": {
        "runs": [
          289,
          268,
          313
        ],
        "T_star": {
          "mean": 290.0,
          "std": 18.384776310850235,
          "n": 3
        },
        "D_final": {
          "mean": 0.2552666666666667,
          "std": 0.005612090123613084,
          "n": 3
        }
      }
    }
  },
  "T_star_range_steps": {
    "mistral:7b": 5.0,
    "llama3.2:3b": 1.6666666666666856,
    "gemma4:latest": 50.66666666666666
  },
  "insensitivity_threshold": 10,
  "insensitivity_holds": false,
  "timestamp": "2026-05-08T19:35:54.773171+00:00",
  "models": [
    "mistral:7b",
    "llama3.2:3b",
    "gemma4:latest"
  ],
  "temperatures": [
    0.2,
    0.4,
    0.6,
    0.8
  ],
  "runs_per_cell": 3
}